{
    "request_info": {
      "success": true,
      "credits_used": 1,
      "credits_remaining": 999
    },
    "request_metadata": {
      "id": "763fc1a4b3eb053f5c8f20f12655b09dfd36130d",
      "created_at": "2020-01-01T00:00:00.000Z",
      "processed_at": "2020-01-01T00:00:00.001Z",
      "total_time_taken": 0.1,
      "amazon_url": "https://www.amazon.com/Best-Sellers-Computers-Accessories-Memory-Cards/zgbs/pc/516866"
    },
    "request_parameters": {
      "type": "bestsellers",
      "url": "https://www.amazon.com/Best-Sellers-Computers-Accessories-Memory-Cards/zgbs/pc/516866"
    },
    "bestsellers": [
      {
        "rank": 1,
        "position": 1,
        "title": "Samsung 128GB 100MB/s (U3) MicroSDXC EVO Select Memory Card with Full-Size Adapter (MB-ME128GA/AM)",
        "sub_title": {
          "text": "AKASO",
          "link": "https://www.amazon.com/AKASO/b/ref=bl_dp_s_web_7188749011?ie=UTF8&node=7188749011&field-lbr_brands_browse-bin=AKASO"
        },
        "asin": "B073JYC4XM",
        "link": "https://www.amazon.com/Samsung-MicroSDXC-Adapter-MB-ME128GA-AM/dp/B073JYC4XM/ref=zg_bs_516866_1/133-5420936-7189629?_encoding=UTF8&psc=1&refRID=8V9X0Q7P2DRN4TW5TDNB",
        "image": "https://images-na.ssl-images-amazon.com/images/I/817wkPGulTL._AC_UL200_SR200,200_.jpg",
        "rating": 4.7,
        "ratings_total": 44828,
        "price": {
          "symbol": "$",
          "value": 19.49,
          "currency": "USD",
          "raw": "$19.49"
        }
      },
      {
        "rank": 2,
        "position": 2,
        "title": "SanDisk Ultra 32GB microSDHC UHS-I card with Adapter - 98MB/s U1 A1 - SDSQUAR-032G-GN6MA",
        "sub_title": {
          "text": "AKASO",
          "link": "https://www.amazon.com/AKASO/b/ref=bl_dp_s_web_7188749011?ie=UTF8&node=7188749011&field-lbr_brands_browse-bin=AKASO"
        },
        "asin": "B073JWXGNT",
        "link": "https://www.amazon.com/SanDisk-Ultra-microSDXC-Memory-Adapter/dp/B073JWXGNT/ref=zg_bs_516866_2/133-5420936-7189629?_encoding=UTF8&psc=1&refRID=8V9X0Q7P2DRN4TW5TDNB",
        "image": "https://images-na.ssl-images-amazon.com/images/I/61wtfkbzUIL._AC_UL200_SR200,200_.jpg",
        "rating": 4.6,
        "ratings_total": 42742,
        "price": {
          "symbol": "$",
          "value": 8.14,
          "currency": "USD",
          "raw": "$8.14"
        }
      },
      {
        "rank": 3,
        "position": 3,
        "title": "SanDisk Ultra 32GB Class 10 SDHC UHS-I Memory Card up to 80MB/s (SDSDUNC-032G-GN6IN)",
        "sub_title": {
          "text": "AKASO",
          "link": "https://www.amazon.com/AKASO/b/ref=bl_dp_s_web_7188749011?ie=UTF8&node=7188749011&field-lbr_brands_browse-bin=AKASO"
        },
        "asin": "B0143RT8OY",
        "link": "https://www.amazon.com/SanDisk-Ultra-Class-Memory-SDSDUNC-032G-GN6IN/dp/B0143RT8OY/ref=zg_bs_516866_3/133-5420936-7189629?_encoding=UTF8&psc=1&refRID=8V9X0Q7P2DRN4TW5TDNB",
        "image": "https://images-na.ssl-images-amazon.com/images/I/61RLNh5Af2L._AC_UL200_SR200,200_.jpg",
        "rating": 4.6,
        "ratings_total": 18440,
        "price": {
          "symbol": "$",
          "value": 6.99,
          "currency": "USD",
          "raw": "$6.99"
        }
      },
      {
        "rank": 4,
        "position": 4,
        "title": "SanDisk 64GB Ultra MicroSDXC UHS-I Memory Card with Adapter - 100MB/s, C10, U1, Full HD, A1, Micro SD Card - SDSQUAR-064G-GN6MA",
        "sub_title": {
          "text": "AKASO",
          "link": "https://www.amazon.com/AKASO/b/ref=bl_dp_s_web_7188749011?ie=UTF8&node=7188749011&field-lbr_brands_browse-bin=AKASO"
        },
        "asin": "B073JYVKNX",
        "link": "https://www.amazon.com/SanDisk-Ultra-microSDXC-Memory-Adapter/dp/B073JYVKNX/ref=zg_bs_516866_4/133-5420936-7189629?_encoding=UTF8&psc=1&refRID=8V9X0Q7P2DRN4TW5TDNB",
        "image": "https://images-na.ssl-images-amazon.com/images/I/51IEVgCe89L._AC_UL200_SR200,200_.jpg",
        "rating": 4.6,
        "ratings_total": 42742,
        "price": {
          "symbol": "$",
          "value": 11.99,
          "currency": "USD",
          "raw": "$11.99"
        }
      }
    ],
    "pagination": {
      "current_page": 1,
      "total_pages": 2
    },
    "bestsellers_info": {
      "current_category": {
        "name": "Bebé",
        "link": "https://www.amazon.es/gp/bestsellers/apparel/1895733031",
        "id": "1895733031"
      },
      "parent_category": {
        "name": "Ropa",
        "link": "https://www.amazon.es/gp/bestsellers/apparel/ref=zg_bs_unv_a_1_1895733031_1",
        "id": "apparel"
      },
      "child_categories": [
        {
          "name": "Niñas de hasta 24 meses",
          "link": "https://www.amazon.es/gp/bestsellers/apparel/1909379031/ref=zg_bs_nav_a_2_1895733031",
          "id": "1909379031"
        },
        {
          "name": "Niños de hasta 24 meses",
          "link": "https://www.amazon.es/gp/bestsellers/apparel/1909318031/ref=zg_bs_nav_a_2_1895733031",
          "id": "1909318031"
        }
      ]
    }
  }